공방이름,평균별점,별점건수,리뷰건수,주소,지번주소,연락처,홈페이지
솔도예공방,4.0,2건,리뷰 17,대구 중구 국채보상로140길 17-8 1층,(지번) 동인동4가 210-2,연락처 없음,https://www.instagram.com/sol_ceramic/
도예공방 굄,0.0,0건,리뷰 0,대구 북구 학정동로 42-21,(지번) 학정동 973-7,연락처 없음,https://instagram.com/pottery_goem
오붓 도예공방,0.0,0건,리뷰 6,서울 동대문구 고산자로 488 3층,(지번) 제기동 798,010-8691-7396,http://instagram.com/oboot_ceramic
은하도예공방,0.0,0건,리뷰 15,울산 중구 태화로 98 2층,(지번) 태화동 776-7,010-3885-1200,
도예공방다락,0.0,0건,리뷰 0,대구 북구 대천로17길 9-8,(지번) 동천동 926-3,연락처 없음,
토담도,0.0,0건,리뷰 0,대구 수성구 무학로35길 28,(지번) 지산1동 1030-2,연락처 없음,
이재철 도예공방,5.0,3건,리뷰 11,서울 광진구 능동로 151 3층,(지번) 화양동 2-44,010-5367-6433,http://www.clayjc.com/
이음도예공,0.0,0건,리뷰 0,대구 수성구 범안로3길 37,(지번) 범물동 1339-6,연락처 없음,
손인아도예공방,0.0,0건,리뷰 0,대구 수성구 용학로35길 35,(지번) 지산동 1251-8,연락처 없음,
담경도예공방,5.0,1건,리뷰 0,대구 중구 국채보상로150길 27,(지번) 동인동4가 521-4,연락처 없음,
도우도예공방,0.0,0건,리뷰 0,대구 중구 명륜로22길 29,(지번) 남산동 729,연락처 없음,
정인스페이스 도예공방,0.0,0건,리뷰 0,대구 북구 동암로37길 3-15,(지번) 국우동 1100-2,연락처 없음,
도예공방 토우미,0.0,0건,리뷰 0,대구 수성구 청솔로22길 13-4,(지번) 범어1동 805-12,연락처 없음,http://cafe.daum.net/toemi
뿌리도예공방,5.0,1건,리뷰 0,경북 경산시 자인면 계정길 18-4,(지번) 자인면 서부리 607-6,연락처 없음,
김미미도예공방,0.0,0건,리뷰 3,경기 의정부시 동일로 216-21,(지번) 장암동 97-14,031-837-3072,https://www.instagram.com/kim_mimi_ceramics
찬도예공방,0.0,0건,리뷰 0,대전 서구 월평로13번길 84 1층,(지번) 월평동 420,042-486-1990,
도예공방,0.0,0건,리뷰 0,부산 북구 낙동북로 751,(지번) 구포동 1295,연락처 없음,
도예공방 공기,0.0,0건,리뷰 3,경기 수원시 권선구 동수원로36번길 11 1층,(지번) 곡반정동 589-7,010-2069-6179,https://blog.naver.com/gong-gi
흙바라기도예공방,5.0,1건,리뷰 1,인천 부평구 마장로 470,(지번) 청천2동 9-70,070-7310-0502,http://claybaragi.blog.me/
도예공방빛담,0.0,0건,리뷰 0,대구 수성구 노변공원로 65,(지번) 노변동 317-3,연락처 없음,
두순빌딩 토향도예공방,0.0,0건,리뷰 0,경북 칠곡군 북삼읍 북삼로 157,(지번) 북삼읍 숭오리 17-7,054-972-6878,
C&S갤러리 도예공방,0.0,0건,리뷰 1,경기 의왕시 학현로 134,(지번) 학의동 463,031-426-3108,
토리도예공방,0.0,0건,리뷰 0,세종특별자치시 한누리대로 157 2층,(지번) 나성동 723,연락처 없음,
솔티도예공방,0.0,0건,리뷰 0,전북 정읍시 입암면 정읍남로 781-8,(지번) 입암면 마석리 138-11,연락처 없음,
제주영 도예공방,5.0,3건,리뷰 0,제주특별자치도 서귀포시 서호중앙로 55 A동 307호,(지번) 서호동 1605,0505-1387-8013,
권기형도예공방,0.0,0건,리뷰 0,대구 동구 동내로 34,(지번) 괴전동 108-1,연락처 없음,
아토도예공방,0.0,0건,리뷰 1,제주특별자치도 서귀포시 남성로 134-1,(지번) 서홍동 744-3,010-7102-9951,https://www.instagram.com/artoceramicfactory/
류도예공방,0.0,0건,리뷰 0,대구 동구 신암남로23길 42,(지번) 신암동 284,연락처 없음,
강성애도예테마기획실누리공,0.0,0건,리뷰 0,경북 칠곡군 왜관읍 평장4길 28,(지번) 왜관읍 왜관리 676,연락처 없음,
박보성도예공방,0.0,0건,리뷰 0,경북 성주군 벽진면 자산3길 123,(지번) 벽진면 자산리 596-2,054-933-2065,
도예공방 미소,0.0,0건,리뷰 0,울산 중구 함월15길 7 1층,(지번) 성안동 809-7,010-2595-1067,
향기도예공,0.0,0건,리뷰 0,경북 칠곡군 북삼읍 안산2길 15-7,(지번) 북삼읍 숭오리 26-8,연락처 없음,
담을도예공방,0.0,0건,리뷰 0,경기 화성시 여울로3길 10-2 1층,(지번) 능동 1103-13,연락처 없음,http://www.dameul-ceramic.com/
토루도예공방,5.0,4건,리뷰 2,경기 파주시 오도로 160-16,(지번) 오도동 274-16,031-943-5130,http://blog.naver.com/cj5130
아라리도예공방,0.0,0건,리뷰 4,서울 성북구 정릉로36길 18,(지번) 정릉동 14-37,02-6406-9595,http://blog.naver.com/jinny9663
토몽도예공방,1.0,1건,리뷰 0,경북 구미시 봉곡로2길 17-6 1층,(지번) 봉곡동 10-3,연락처 없음,http://tongmongceramics.modoo.at/
철수네도예공방,0.0,0건,리뷰 3,서울 성동구 왕십리로 318 5층,(지번) 도선동 45,연락처 없음,http://blog.naver.com/bin7983
아름담은도예공방,0.0,0건,리뷰 1,세종특별자치시 고운서길 14 금화빌딩 2층,(지번) 고운동 1714,044-868-3514,https://blog.naver.com/areumceramic
도예공방요호,0.0,0건,리뷰 1,서울 중구 퇴계로 159-6 하얀빌딩 3층,(지번) 충무로2가 51-18,010-9209-0906,http://blog.naver.com/studioyoho
라니도예공방,0.0,0건,리뷰 0,대구 동구 동촌로48길 37,(지번) 방촌동 1084-112,연락처 없음,
라온도예공방,5.0,1건,리뷰 1,서울 서대문구 독립문공원길 13 독립문극동아파트상가 지하1층,(지번) 현저동 200,연락처 없음,http://blog.naver.com/raon_ceramics
미소도예공방,5.0,1건,리뷰 5,인천 부평구 부평문화로 26,(지번) 부평동 341-186,연락처 없음,http://blog.naver.com/dptjdgh7272
아미도예공방,0.0,0건,리뷰 0,서울 영등포구 당산로20길 9-4 지하1층,(지번) 당산동1가 295-1,연락처 없음,http://blog.naver.com/amiceramic
토스트도예공방,0.0,0건,리뷰 0,서울 강서구 화곡로13길 141,(지번) 화곡동 1015-40,02-2606-0205,
SA세라믹도예공방,0.0,0건,리뷰 1,서울 강남구 도곡로14길 18,(지번) 도곡동 550-3,010-2305-0716,https://blog.naver.com/sdmp2000
갈미도예공방,5.0,2건,리뷰 0,경기 하남시 감초로70번길 63,(지번) 감북동 297,연락처 없음,
젠스타일도예공방 빈도,0.0,0건,리뷰 5,광주 남구 금화로421번길 30 1층,(지번) 월산동 951-8,010-8685-1662,http://www.instagram.com/bindocera
도예공방늘봄,0.0,0건,리뷰 0,경기 김포시 통진읍 김포대로1938번길 91,(지번) 통진읍 수참리 457-1,031-997-2997,
외솔도예공방,0.0,0건,리뷰 0,경기 수원시 팔달구 팔달문로140번길 26,(지번) 우만동 555-4,연락처 없음,
마인은혜도예공방,0.0,0건,리뷰 0,경기 안양시 만안구 박달로542번길 46,(지번) 안양동 908-39,031-657-2022,
도예공방,0.0,0건,리뷰 0,서울 마포구 어울마당로3길 5,(지번) 합정동 356-9,연락처 없음,
소랑도예공방,0.0,0건,리뷰 0,경북 경주시 유림로 60,(지번) 황성동 221-8,연락처 없음,
도예공방 토화수,0.0,0건,리뷰 0,부산 기장군 장안읍 신리길 93,(지번) 장안읍 오리 600-1,051-727-7329,
김진태도예공방,0.0,0건,리뷰 0,부산 수영구 호암로 33,(지번) 광안동 731-2,051-754-7304,
림도예공방,0.0,0건,리뷰 0,전북 전주시 완산구 문학로 33,(지번) 효자동3가 1599-12,연락처 없음,
만담도예공방,0.0,0건,리뷰 0,경북 청도군 화양읍 청화로 39,(지번) 화양읍 범곡리 534-9,054-372-7748,
도예공방필,0.0,0건,리뷰 0,충북 충주시 연원5길 26,(지번) 연수동 1071,043-854-0049,http://www.philgongbang.co.kr/
요요도예공방,0.0,0건,리뷰 3,서울 용산구 원효로 51,(지번) 원효로4가 179,010-9974-8549,https://blog.naver.com/yoyo_ceramic
풍아트&도예공방,0.0,0건,리뷰 2,충남 천안시 동남구 성황8길 11,(지번) 성황동 23-33,041-579-4253,https://www.instagram.com/pung.art.pottery/
도예공방소나무,5.0,1건,리뷰 0,전북 전주시 완산구 은행로 91,(지번) 교동 187-1,063-228-4202,
도예공방흙이랑,0.0,0건,리뷰 0,충북 충주시 칠금15길 2,(지번) 칠금동 726,043-854-3464,
도예공방연담,0.0,0건,리뷰 0,강원 춘천시 춘주로201번길 10-1,(지번) 퇴계동 892-7,연락처 없음,
담아요 도예공방,0.0,0건,리뷰 0,광주 북구 하서로49번길 14,(지번) 운암동 263-6,0507-1433-8854,
로운도예공방,5.0,1건,리뷰 1,경기 안양시 동안구 동편로183번길 67,(지번) 관양동 1694-7,031-426-1251,
달빛도예공방,0.0,0건,리뷰 0,세종특별자치시 보듬4로 9,(지번) 도담동 653,연락처 없음,
도예공방,0.0,0건,리뷰 0,서울 강동구 동남로85길 48,(지번) 고덕동 535-7,연락처 없음,
힐링도예공방,0.0,0건,리뷰 0,전남 순천시 해룡면 삼동길 19,(지번) 해룡면 상삼리 451-1,010-8289-9809,https://www.instagram.com/healing_ceramicstudio
산울림도예공방,0.0,0건,리뷰 0,광주 서구 대남대로420번길 17-31,(지번) 농성동 637-56,연락처 없음,
쪼물쪼물 아트도예공방,0.0,0건,리뷰 0,경남 창원시 마산합포구 동서동2길 33,(지번) 신포동2가 86-3,055-225-8858,
김성덕도예공방,0.0,0건,리뷰 0,부산 금정구 금강로 468,(지번) 구서동 252-31,연락처 없음,
아띠도예공방,0.0,0건,리뷰 0,충북 청주시 상당구 용암북로196번길 6,(지번) 용암동 2854,043-217-5312,
파란가마도예공방,5.0,1건,리뷰 0,경기 용인시 기흥구 갈곡로12번길 16,(지번) 구갈동 585-3,050-7724-7504,http://parangama.yongini.com/
수작걸기도예공방,0.0,0건,리뷰 0,충남 계룡시 엄사면 전원2길 11,(지번) 엄사면 엄사리 124-5,연락처 없음,
박선순도예공방,0.0,0건,리뷰 0,서울 양천구 지양로15길 20,(지번) 신월동 350-2,02-2602-3650,
이은수도예공방,0.0,0건,리뷰 0,부산 중구 국제시장2길 34,(지번) 신창동4가 3-2,연락처 없음,
도예공방가림토,0.0,0건,리뷰 0,서울 관악구 남부순환로233길 16,(지번) 봉천동 1675-10,연락처 없음,
규도예공,0.0,0건,리뷰 0,경기 성남시 분당구 서현로429번길 3,(지번) 분당동 97-12,031-707-1021,http://cafe.daum.net/kyu-ceramicart
수레질도예공방,0.0,0건,리뷰 0,광주 북구 송해로40번길 8-19,(지번) 삼각동 810-1,062-268-5255,
누리도예공방,0.0,0건,리뷰 0,경기 의정부시 동일로466번길 5 4층,(지번) 신곡동 357,010-8567-9444,
고운도예공방,0.0,0건,리뷰 0,세종특별자치시 고운서길 7 3층,(지번) 고운동 1721,010-8423-2508,https://www.instagram.com/yu_ceramic_art_studio
클레이앤 도예공방,0.0,0건,리뷰 0,강원 홍천군 북방면 두개비산로 197-3,(지번) 북방면 중화계리 159-8,010-6556-0002,http://m.blog.naver.com/PostList.nhn?blogId=windy8621
도예공방혜담,0.0,0건,리뷰 0,경기 용인시 기흥구 언남로 23,(지번) 언남동 159-2,연락처 없음,
려도도예공방,0.0,0건,리뷰 0,경남 김해시 진례면 진례로247번길 18-22 현대자동차문화회관 2층,(지번) 진례면 송정리 382-1,052-345-2520,
미소와도예공방,0.0,0건,리뷰 0,광주 북구 무등로 128-9,(지번) 신안동 256-12,연락처 없음,
도예공방꽃담,0.0,0건,리뷰 0,부산 기장군 정관읍 달산길 14-8,(지번) 정관읍 매학리 794-4,연락처 없음,https://www.facebook.com/%EB%8F%84%EC%98%88%EA%B3%B5%EB%B0%A9-%EA%BD%83%EB%8B%B4-526911920995832/
미니세라믹도예공방,0.0,0건,리뷰 0,세종특별자치시 대평1길 37,(지번) 대평동 266,연락처 없음,
도예공방빛,0.0,0건,리뷰 0,광주 광산구 첨단내촌로 1,(지번) 월계동 796-14,010-8609-9052,
흙놀이터도예공방,0.0,0건,리뷰 0,전남 여수시 웅천중앙로 135-9,(지번) 웅천동 1726-3,연락처 없음,
피움도예공방,0.0,0건,리뷰 0,충남 당진시 신평면 매산로 92-131 1층,(지번) 신평면 부수리 227-37,연락처 없음,https://instagram.com/artstudio_pium
예체르도예공방,0.0,0건,리뷰 0,서울 양천구 신목로6길 23,(지번) 신정동 117-33,02-2652-2708,
KOO도예,0.0,0건,리뷰 0,경기 광명시 광복로 57,(지번) 광명동 6-1,02-6291-3886,
다송도예공방,0.0,0건,리뷰 0,부산 사상구 백양대로504번길 1,(지번) 주례동 965-2,010-6636-6068,https://www.instagram.com/parksunmi6068
도토도예공방,0.0,0건,리뷰 0,충북 충주시 동량면 지등로 1276-6,(지번) 동량면 화암리 339-2,연락처 없음,
옥토 도예공방,0.0,0건,리뷰 0,인천 서구 가현로 118,(지번) 마전동 산 85-3,연락처 없음,https://0kto.modoo.at/
도예공방도도,0.0,0건,리뷰 0,서울 종로구 필운대로 26-6,(지번) 누하동 247,연락처 없음,
일마레도예공방,0.0,0건,리뷰 0,서울 송파구 백제고분로41길 6-63 우성빌딩 1층 103호,(지번) 송파동 25-16,연락처 없음,http://blog.naver.com/she9724
온빚도예공방,0.0,0건,리뷰 0,대전 유성구 구즉로52번길 9,(지번) 송강동 182-12,연락처 없음,
금산도예공방,0.0,0건,리뷰 0,부산 금정구 금강로 356,(지번) 장전동 203-15,051-581-2450,
토토미도예공방,0.0,0건,리뷰 0,서울 동작구 신대방2길 13,(지번) 신대방동 618-3,070-7802-7941,
유앤미도예공방,0.0,0건,리뷰 0,경기 화성시 동탄반송3길 50-10 101호,(지번) 반송동 15-4,연락처 없음,
효천도예공,5.0,1건,리뷰 0,전북 완주군 봉동읍 낙평신월3길 33,(지번) 봉동읍 낙평리 1218-7,063-261-0841,
경희도예공방토람,0.0,0건,리뷰 0,경남 진주시 신평공원길 55,(지번) 평거동 755-16,055-748-7447,
도예공방 소율,0.0,0건,리뷰 0,충남 부여군 부여읍 중앙로13번길 20-1,(지번) 부여읍 구아리 154,연락처 없음,http://blog.naver.com/jinsy318
도예공방라온제나,0.0,0건,리뷰 0,경기 수원시 영통구 청명남로 54 지하1층,(지번) 영통동 1038-3,031-205-4007,https://blog.naver.com/ls0615
도예공방흙누,0.0,0건,리뷰 0,울산 남구 문수로369번길 28,(지번) 옥동 1393-7,052-257-1857,
도예공방화목토,0.0,0건,리뷰 0,서울 강동구 상암로63길 6-17,(지번) 명일동 185,02-429-0365,http://blog.naver.com/hwamokto
도예공방Zakup,0.0,0건,리뷰 0,대전 유성구 원신흥남로41번길 64 1층,(지번) 원신흥동 569-5,연락처 없음,http://blog.naver.com/zakupstudio
흙다움도예공방,0.0,0건,리뷰 0,경남 함양군 함양읍 함양로 1206-20,(지번) 함양읍 교산리 304-4,010-3064-3821,
밈도예공방,0.0,0건,리뷰 0,전북 전주시 덕진구 송천1길 17,(지번) 송천동1가 403-11,연락처 없음,
토리도예공방,0.0,0건,리뷰 0,인천 남동구 매소홀로 1119,(지번) 서창동 545,연락처 없음,
해바라기도예공방,0.0,0건,리뷰 1,경기 김포시 유현1로 181-30,(지번) 풍무동 341-10,연락처 없음,http://blog.naver.com/potterypark
도예공방호재,0.0,0건,리뷰 0,경기 김포시 김포한강3로237번길 7-1,(지번) 장기동 1660,050-6997-9583,
라일락도예공방,0.0,0건,리뷰 0,경기 부천시 은성로 132,(지번) 소사본동 409-4,032-348-6107,
예현도예공,0.0,0건,리뷰 0,경기 용인시 수지구 수지로 64 대진아파트 102동 지하1층,(지번) 상현동 108-6,031-263-2449,
도예공방이룸,0.0,0건,리뷰 0,경기 양평군 단월면 대낭골길 32,(지번) 단월면 봉상리 387-10,031-775-8342,https://smartstore.naver.com/yiroom
서밋도예공방,0.0,0건,리뷰 0,울산 남구 돋질로 154,(지번) 달동 615-4,010-3861-4306,
도예공방작업,0.0,0건,리뷰 0,대전 유성구 원신흥남로41번길 64,(지번) 원신흥동 569-5,연락처 없음,
비즐도예,0.0,0건,리뷰 0,경기 이천시 신둔면 도자예술로 46,(지번) 신둔면 고척리 595-10,031-638-0888,
도예공방,0.0,0건,리뷰 0,경기 부천시 장말로 164,(지번) 상동 420-6,032-323-3063,
송하정도예공방,0.0,0건,리뷰 0,충북 괴산군 청천면 화양동1길 9-6,(지번) 청천면 화양리 200-2,032-323-3063,http://www.songhajung.com/
197도예공방,0.0,0건,리뷰 0,서울 강동구 풍성로 130,(지번) 성내동 271-4,070-7698-9701,
흙길도예공방,0.0,0건,리뷰 0,인천 동구 우각로 3,(지번) 창영동 16-6,032-889-0150,
도예공방일여현,0.0,0건,리뷰 0,광주 남구 봉선1로 35,(지번) 봉선1동 1001-8,070-8723-7075,
김정혜도예공방,0.0,0건,리뷰 0,경기 성남시 수정구 옛골로 55,(지번) 상적동 405-1,연락처 없음,
도예공방10.19,0.0,0건,리뷰 0,서울 서초구 마방로6길 8-45 파크뷰845 101호,(지번) 양재동 259-5,연락처 없음,
주례도예공방,0.0,0건,리뷰 0,부산 사상구 학장로 324,(지번) 주례동 1162-86,연락처 없음,
도예공방담,0.0,0건,리뷰 1,인천 미추홀구 인하로221번길 21 1층,(지번) 주안동 1418-125,032-216-6454,https://blog.naver.com/dam-1230
구름공장(도예,0.0,0건,리뷰 0,경기 이천시 신둔면 경충대로3233번길 57-84,(지번) 신둔면 수광리 185-1,031-963-3977,
예나지나도예공방,0.0,0건,리뷰 0,경남 김해시 가야의길 92-25,(지번) 봉황동 460-3,055-331-0819,
그루터기도예공방,0.0,0건,리뷰 0,서울 중랑구 동일로149길 64,(지번) 묵동 247-133,연락처 없음,
궁안도예공방,0.0,0건,리뷰 0,전북 부안군 계화면 돈지2길 13-8,(지번) 계화면 의복리 122-14,070-4142-1541,
수갤러리도예공방,0.0,0건,리뷰 0,경기 용인시 기흥구 사은로126번길 8,(지번) 보라동 553,031-287-0570,
한스도예공방,0.0,0건,리뷰 0,경기 이천시 신둔면 이장로311번길 259,(지번) 신둔면 고척리 304-5,031-631-5798,
푸른수피아 도예공방,0.0,0건,리뷰 0,강원 철원군 갈말읍 삼부연로 510-20,(지번) 갈말읍 신철원리 123-7,연락처 없음,http://cafe.naver.com/pureunsupia
도예공방,0.0,0건,리뷰 0,경기 부천시 송내대로265번길 23,(지번) 상동 537-5,010-4421-4862,
도우도예공방,0.0,0건,리뷰 0,경북 영주시 원당로247번길 173,(지번) 하망동 42-3,010-4421-4862,http://www.instagram.com/dou.pottery
도예공방이레,0.0,0건,리뷰 0,서울 서초구 방배로27길 54-3,(지번) 방배동 832-18,연락처 없음,
수정도예공방,0.0,0건,리뷰 0,광주 광산구 목련로273번안길 85,(지번) 운남동 285-1,연락처 없음,
이춘택도예공방,0.0,0건,리뷰 0,경기 안성시 혜산로 30,(지번) 숭인동 24-1,010-2649-8707,
연원도예공방,0.0,0건,리뷰 0,제주특별자치도 제주시 조천읍 함덕남4길 131,(지번) 조천읍 함덕리 728,010-2649-8707,
해뜨락도예공방,0.0,0건,리뷰 0,부산 부산진구 백양순환로119번길 9,(지번) 부암동 456-12,연락처 없음,
담소도예공방,0.0,0건,리뷰 0,충북 청주시 흥덕구 예체로 163,(지번) 봉명동 1051,연락처 없음,
도예공방카페 봄 세라워크서창점,0.0,0건,리뷰 0,인천 남동구 서창남순환로215번길 36 206호,(지번) 서창동 688,032-464-5955,https://ceraworkcafe.modoo.at/
자연도예공방,0.0,0건,리뷰 0,경기 용인시 수지구 문정로 46,(지번) 풍덕천동 707,031-613-6648,
도예공방,0.0,0건,리뷰 0,경기 이천시 신둔면 남정로 100-16,(지번) 신둔면 남정리 297-2,031-634-3722,
무루도예공방,0.0,0건,리뷰 0,서울 서대문구 통일로39나길 31,(지번) 홍제동 330-337,연락처 없음,https://muru.modoo.at/
해바라기도예공방,0.0,0건,리뷰 0,경기 남양주시 경춘로 414-10,(지번) 다산동 4113-7,031-553-6377,
이인도예,0.0,0건,리뷰 0,경기 광주시 곤지암읍 만선로 112-38,(지번) 곤지암읍 유사리 358-1,연락처 없음,
명은갤러리도예공방,0.0,0건,리뷰 0,인천 남동구 도림로31번길 7-5 1층,(지번) 도림동 666-6,032-427-5797,http://www.xn--ok0bu9hgqgqwoqla.kr/
앤도예공방,0.0,0건,리뷰 0,경기 이천시 증신로248번길 66,(지번) 송정동 115-8,031-633-8252,
청토도예공방,0.0,0건,리뷰 0,서울 서대문구 통일로39길 23,(지번) 홍제동 307-5,02-396-7989,
일상일,5.0,1건,리뷰 9,경기 군포시 곡란로103번안길 22,(지번) 산본동 1086,연락처 없음,http://blog.naver.com/yakimon
도예공방아트앤,0.0,0건,리뷰 0,서울 광진구 화양동 115-7,(지번) 산본동 1086,연락처 없음,
,"D 흙내음도예공방 미술,공예",0.0,0건,리뷰 1,(지번) 산본동 1086,연락처 없음,
소정 도예공방,0.0,0건,리뷰 0,부산 부산진구 엄광로182번길 11,(지번) 가야동 464-42,051-896-3383,
도예공방흙요일,0.0,0건,리뷰 0,경기 안산시 단원구 원포공원1로 59 신명트윈타워 B동,(지번) 초지동 743-2,연락처 없음,
마음도예공방,0.0,0건,리뷰 3,서울 강남구 압구정로 201 금강쇼핑센터 1층 1호,(지번) 압구정동 458,070-4238-1605,https://blog.naver.com/leejihye1605
도토리도예공방,0.0,0건,리뷰 0,경기 이천시 경충대로2993번길 25,(지번) 사음동 470,031-634-5555,http://blog.naver.com/ayuka80
박상준도예공방,0.0,0건,리뷰 1,서울 송파구 위례성대로4길 23 2층,(지번) 방이동 154-17,연락처 없음,
소울아트도예공방,0.0,0건,리뷰 0,광주 북구 참판로 216,(지번) 두암동 598-3,062-431-2223,
도토리 도예공방,0.0,0건,리뷰 0,전북 김제시 죽산면 죽동1길 54-9,(지번) 죽산면 죽산리 146,연락처 없음,
유앤미도예공방,0.0,0건,리뷰 1,인천 계양구 하느재로 8,(지번) 계산동 926-33,연락처 없음,
토지도예공방,0.0,0건,리뷰 0,충북 청주시 청원구 사천동 683,,연락처 없음,
토암도예공방,0.0,0건,리뷰 0,경기 안산시 단원구 북촌길 3,(지번) 선부동 1028-9,연락처 없음,http://blog.naver.com/lyjgo0701
김성철도예공방,0.0,0건,리뷰 0,경기 이천시 경충대로2993번길 26-25,(지번) 사음동 510,연락처 없음,
정우영도예공방,0.0,0건,리뷰 0,부산 해운대구 송정동 194-22,,연락처 없음,
녹담도예공방,0.0,0건,리뷰 0,경기 하남시 미사강변서로 22 209호,(지번) 풍산동 490-1,0506-737-9004,
더클레이도예공방,0.0,0건,리뷰 0,경북 영주시 대학로298번길 20,(지번) 가흥동 1538,054-632-1341,
,D 자빈도예공방/광주왕실도예사업협동조합,0.0,0건,리뷰 0,(지번) 가흥동 1538,054-632-1341,
흙고운도예공방,0.0,0건,리뷰 0,광주 광산구 첨단내촌로 15,(지번) 월계동 797-7,062-972-8507,
구민영도예공방,0.0,0건,리뷰 1,광주 남구 포충로 937,(지번) 양과동 893-2,연락처 없음,http://blog.naver.com/koomyhome
도예공방자기소윤,0.0,0건,리뷰 0,인천 계양구 주부토로 474,(지번) 계산동 306,032-542-3785,
더클레이 도예공방,0.0,0건,리뷰 0,경북 영주시 대동로13번길 2-1,(지번) 가흥동 1716-6,054-632-1341,
세담도예공방,0.0,0건,리뷰 0,경기 구리시 동구릉로129번길 23,(지번) 인창동 705,031-567-8337,
꼬또마노도예공방,0.0,0건,리뷰 0,서울 동대문구 한천로 58-2 지하1층,(지번) 장안동 192-37,010-9180-7382,
조영일도예,0.0,0건,리뷰 0,경기 용인시 기흥구 동백중앙로 421,(지번) 동백동 105-3,031-261-7705,
흙투성이도예공,4.0,1건,리뷰 0,서울 동작구 사당로2가길 102 자이아파트상가 206호,(지번) 사당동 1139,031-261-7705,
변정옥도예공방,0.0,0건,리뷰 0,전남 여수시 화양면 고외1길 23,(지번) 화양면 용주리 926,061-682-8577,
나기자기도예공방,0.0,0건,리뷰 0,충북 청주시 청원구 내수읍 비중길 11,(지번) 내수읍 비중리 97-2,연락처 없음,
이경애도예공방,0.0,0건,리뷰 0,부산 중구 국제시장2길 15,(지번) 신창동4가 29-1,연락처 없음,
당실도예공방,3.0,2건,리뷰 0,광주 남구 봉선중앙로118번길 36,(지번) 방림동 550-7,010-3629-3682,http://blog.naver.com/kiln3682
예인도예공방,0.0,0건,리뷰 0,전남 무안군 일로읍 삼일로 691,(지번) 일로읍 용산리 305,061-282-6619,
백소연도예,0.0,0건,리뷰 0,경기 이천시 신둔면 도자예술로99번길 65,(지번) 신둔면 고척리 593-3,연락처 없음,
남정택도예공방,0.0,0건,리뷰 0,경기 의정부시 송산로950번길 107,(지번) 산곡동 446,연락처 없음,
도예공방뮤토,0.0,0건,리뷰 0,경기 군포시 대야2로7번길 1,(지번) 대야미동 652-1,070-8185-6188,
도예공방 ,0.0,0건,리뷰 0,경기 용인시 처인구 한터로152번길 62,(지번) 고림동 997,070-636-7133,
하랑도예공방,0.0,0건,리뷰 0,경기 여주시 여양로 113,(지번) 상동 116-4,010-2467-3298,
토토랑도예공,0.0,0건,리뷰 0,경기 부천시 상동로 75 한빛프라자 302호,(지번) 상동 544-10,010-2467-3298,https://blog.naver.com/ahoon2
소유도예공방,5.0,1건,리뷰 0,경기 성남시 분당구 운중로233번길 12,(지번) 판교동 617-5,연락처 없음,
보울도예공방,0.0,0건,리뷰 0,서울 양천구 목동로23길 12 상가 102호,(지번) 신정동 890-29,연락처 없음,
다해도예공방,0.0,0건,리뷰 0,서울 동작구 사당로23길 58-19,(지번) 사당동 162-1,연락처 없음,
강문숙도예공방,0.0,0건,리뷰 0,경기 안성시 양성면 칠목길 23-173,(지번) 양성면 덕봉리 492-52,031-672-9511,http://storefarm.naver.com/ceramicsuk
동현도예공방,0.0,0건,리뷰 0,충북 음성군 생극면 차생로700번길 57,(지번) 생극면 차평리 105-2,043-878-8434,
도예공방,0.0,0건,리뷰 0,경기 이천시 경충대로2993번길 25,(지번) 사음동 470-1,031-634-4703,
토미도예공방,0.0,0건,리뷰 0,울산 동구 문재2나길 4,(지번) 방어동 1099-10,연락처 없음,
도예공방와이,0.0,0건,리뷰 0,경기 성남시 수정구 위례서일로3길 13 지하1층,(지번) 창곡동 555-5,연락처 없음,https://blog.naver.com/ceramic_y
라니도예공방,0.0,0건,리뷰 0,경기 용인시 기흥구 서천동로21번길 6-8 1층,(지번) 서천동 791-1,010-2878-6134,https://www.instagram.com/rani_art_studio/
도예공방(도경),0.0,0건,리뷰 0,경북 안동시 북후면 대현리 645,(지번) 서천동 791-1,연락처 없음,
,"D 아트앤도예공방 미술,공예",0.0,0건,리뷰 0,(지번) 서천동 791-1,연락처 없음,http://www.artan.co.kr/
도예공방 쿠쿠키키,0.0,0건,리뷰 0,서울 송파구 오금로31길 16-8 지하,(지번) 방이동 224-2,02-6326-3939,
허허도예공방,0.0,0건,리뷰 0,전남 담양군 대덕면 무월길 25-8,(지번) 대덕면 금산리 401,연락처 없음,
달월도예공방,0.0,0건,리뷰 1,경기 시흥시 정왕대로53번길 5 지하 1층,(지번) 정왕동 1864-1,연락처 없음,https://www.instagram.com/dalwal_ceramic/
기정도예공방,0.0,0건,리뷰 0,경기 평택시 문화촌로11번길 51-18,(지번) 비전동 865-6,연락처 없음,
이양재도예,0.0,0건,리뷰 0,경기 여주시 강천면 원양1로 908,(지번) 강천면 도전리 549-1,031-885-7554,
행복도예공방,0.0,0건,리뷰 0,경기 용인시 기흥구 흥덕2로65번길 11-4,(지번) 영덕동 999-4,031-215-5788,
오늘도예공방,0.0,0건,리뷰 0,경기 김포시 월곶면 용강로316번길 52,(지번) 월곶면 용강리 315-73,연락처 없음,
미추홀도예공방,0.0,0건,리뷰 0,인천 연수구 컨벤시아대로 70 송도힐스테이트 302동126호,(지번) 송도동 21-59,032-832-0807,
도마산도예공방,0.0,0건,리뷰 0,경기 파주시 광탄면 부흥로275번길 24,(지번) 광탄면 창만리 96-12,032-832-0807,
솔리도예공방,0.0,0건,리뷰 0,서울 송파구 양산로4길 16,(지번) 거여동 294,연락처 없음,
효산도예공방,0.0,0건,리뷰 0,서울 마포구 월드컵북로 118,(지번) 성산동 52-17,연락처 없음,
하음도예공방,0.0,0건,리뷰 0,전남 나주시 봉황면 한들길 46-11,(지번) 봉황면 욱곡리 45,연락처 없음,
도예공방,0.0,0건,리뷰 0,인천 연수구 송도문화로28번길 28 202동 129호,(지번) 송도동 190-2,연락처 없음,http://blog.naver.com/woomet
외얏골 도예공방,0.0,0건,리뷰 0,전남 무안군 청계면 월선길 172-87,(지번) 청계면 월선리 338,061-452-9848,
두울도예공방,0.0,0건,리뷰 0,경기 수원시 팔달구 중부대로223번길 26,(지번) 우만동 101-1,연락처 없음,
이삭도예공방,0.0,0건,리뷰 0,전남 무안군 삼향읍 오룡동길 75-4,(지번) 삼향읍 남악리 42-12,010-3450-3537,
도예공방송원,0.0,0건,리뷰 0,서울 금천구 탑골로4길 61,(지번) 시흥동 268-36,연락처 없음,
채은도예공방,0.0,0건,리뷰 0,서울 송파구 올림픽로 145,(지번) 잠실동 22-6,연락처 없음,
도예공방 꽃,0.0,0건,리뷰 0,경기 구리시 건원대로34번길 25,(지번) 인창동 672-3,연락처 없음,
민도,0.0,0건,리뷰 0,서울 성동구 금호로 100,(지번) 금호동1가 633,연락처 없음,
미리암도예공방,0.0,0건,리뷰 0,서울 서대문구 모래내로24길 23,(지번) 홍제동 156,연락처 없음,
토함도예공방,0.0,0건,리뷰 0,인천 강화군 불은면 불은남로339번길 11-12,(지번) 불은면 오두리 332-1,연락처 없음,
도예공방 도모,0.0,0건,리뷰 0,서울 동작구 동작대로29길 127,(지번) 사당동 105-4,연락처 없음,
경선도예공방,0.0,0건,리뷰 0,인천 연수구 해돋이로 107 더샵퍼스트월드 G동 62호,(지번) 송도동 4-1,032-793-5672,http://blog.naver.com/chocoba1142
흙빛도예공방,0.0,0건,리뷰 0,인천 계양구 주부토로 493,(지번) 계산동 964-49,연락처 없음,
장안도예공방,0.0,0건,리뷰 0,제주특별자치도 서귀포시 문부로 30,(지번) 동홍동 410-15,064-733-0327,
이소도예공,0.0,0건,리뷰 0,강원 원주시 남원로469번길 1-11,(지번) 명륜동 840-5,연락처 없음,
우리도예공방,0.0,0건,리뷰 0,경기 광주시 도척면 옛진말길 63-11,(지번) 도척면 진우리 256,031-769-4513,
혜윰도예공,0.0,0건,리뷰 0,전남 보성군 보성읍 봉화로 53,(지번) 보성읍 원봉리 2-17,010-9492-0140,
미네도예공방,0.0,0건,리뷰 0,경기 안성시 원곡면 칠곡호수1길 34-7,(지번) 원곡면 칠곡리 423,031-656-8908,
차명승도예공방,0.0,0건,리뷰 0,경기 양평군 강하면 종자골길 130,(지번) 강하면 성덕리 59-2,031-771-9574,
캔디도예공방,0.0,0건,리뷰 0,경기 이천시 마장면 서이천로719번길 70-5,(지번) 마장면 장암리 388-81,연락처 없음,
도예공방 클레이앤조이,0.0,0건,리뷰 0,서울 마포구 백범로25길 7,(지번) 염리동 149-17,010-4205-9695,https://www.instagram.com/koo_ceramic
조영학도예공방,1.0,2건,리뷰 0,서울 금천구 가산디지털1로 70 호서대벤처타워 809호,(지번) 가산동 319,연락처 없음,http://sseobon.com/
시우도예공방,0.0,0건,리뷰 0,전남 담양군 수북면 원대방길 30,(지번) 수북면 대방리 699-1,연락처 없음,https://www.instagram.com/seomingyo0401/
하은도예공방,0.0,0건,리뷰 0,경기 이천시 백사면 원적로967번길 141-8,(지번) 백사면 송말리 8-4,031-633-7527,
도예공방생각나무,0.0,0건,리뷰 0,경기 고양시 일산동구 강송로87번길 22 지하 1층,(지번) 백석동 1256-6,연락처 없음,
우현도예공방,0.0,0건,리뷰 1,경기 용인시 처인구 모현읍 문현로 348 1층,(지번) 모현읍 일산리 112-130,010-3729-3145,
비움도예공방,0.0,0건,리뷰 0,경기 화성시 노작로3길 11 102호,(지번) 반송동 131-22,연락처 없음,
도예미술,0.0,0건,리뷰 0,경기 양평군 양평읍 관문길 60,(지번) 양평읍 양근리 130-12,연락처 없음,
다온도예공방,0.0,0건,리뷰 0,서울 은평구 은평터널로 146,(지번) 신사동 177,연락처 없음,
금봉도예공방,0.0,0건,리뷰 0,경기 부천시 부흥로 214-2 2층,(지번) 중동 713-13,연락처 없음,http://cafe.naver.com/jksun124
고작도예공방,0.0,0건,리뷰 0,인천 계양구 계양산로 143,(지번) 임학동 2-4,032-543-4646,https://blog.naver.com/parkway5/
그리심도예공방,0.0,0건,리뷰 0,인천 미추홀구 경인로485번길 7,(지번) 주안동 920,032-424-0217,
놀토도예공방,0.0,0건,리뷰 0,인천 부평구 충선로 176-5,(지번) 부개동 496-6,연락처 없음,
토미구움도예공방,0.0,0건,리뷰 0,서울 금천구 독산로 300,(지번) 독산동 991-3,연락처 없음,
세라트와도예공방,0.0,0건,리뷰 0,서울 영등포구 영등포로13길 7,(지번) 양평동1가 192,연락처 없음,https://www.instagram.com/ceratrois/
이동구도예공방 (LEE'S DEC,0.0,0건,리뷰 0,경기 파주시 탄현면 국원말길 130,(지번) 탄현면 법흥리 239-30,연락처 없음,
풍경도예공방,0.0,0건,리뷰 0,경기 안양시 만안구 경수대로1201번길 43,(지번) 석수동 183-61,연락처 없음,
몽키위드클레이 도예공,0.0,0건,리뷰 0,경기 여주시 도예로 83-18,(지번) 오학동 280-10,연락처 없음,
해봉도예공방,0.0,0건,리뷰 0,전남 강진군 칠량면 칠량옹기로 143,(지번) 칠량면 봉황리 199-1,061-432-7238,
도예공방 향,0.0,0건,리뷰 0,인천 남동구 용천로 22,(지번) 구월동 1225,연락처 없음,
바리미도예공방,0.0,0건,리뷰 0,경기 김포시 운양로56번길 25,(지번) 운양동 965-3,연락처 없음,
김성철도예공방,0.0,0건,리뷰 0,경기 광주시 초월읍 숯골길 92-14,(지번) 초월읍 신월리 62-3,031-764-3048,
윤니도예공방,0.0,0건,리뷰 0,경기 파주시 교하로159번길 55,(지번) 목동동 1054-5,연락처 없음,
주언식도예공방,0.0,0건,리뷰 0,경기 이천시 신둔면 마소로 92-14,(지번) 신둔면 소정리 172-2,031-638-8738,
일봉도예공방,0.0,0건,리뷰 0,경기 광주시 퇴촌면 태허정로 267-54,(지번) 퇴촌면 도마리 102-3,연락처 없음,
이규형도예공방,0.0,0건,리뷰 0,강원 원주시 중앙로 25,(지번) 인동 242-3,연락처 없음,
파란마음도예공방,5.0,1건,리뷰 0,제주특별자치도 제주시 애월읍 세비데미길 90,(지번) 애월읍 고성리 791-1,064-799-4278,
정인아도예미술공방,0.0,0건,리뷰 0,경기 양평군 개군면 상자포안말길 17,(지번) 개군면 상자포리 327-10,연락처 없음,
달파란도예공방 도,0.0,0건,리뷰 0,대구 중구 남산로4길 6 1층,(지번) 남산동 2236-2,연락처 없음,http://cafe.naver.com/daeguhandmade
도예공방 들꽃마을 도,1.0,1건,리뷰 6,경기 이천시 신둔면 도자예술로5번길 95,(지번) 신둔면 고척리 599-4,010-7335-6832,https://blog.naver.com/kang6832
도예공방정애 도,0.0,0건,리뷰 0,대구 남구 도촌길 18,(지번) 대명동 1646-1,053-623-2773,
생활도예공방 도,0.0,0건,리뷰 0,서울 양천구 목동중앙서로6길 20-5,(지번) 목동 805-17,연락처 없음,
연초롱도예공방 도,0.0,0건,리뷰 7,인천 부평구 화랑로47번길 7-8,(지번) 산곡동 산 44,032-501-6220,http://mhl9905.blog.me/
터울도예공방 도,5.0,2건,리뷰 0,부산 수영구 민락본동로27번길 6,(지번) 민락동 15-14,연락처 없음,
평촌도예공방 도,5.0,1건,리뷰 0,광주 북구 담안평무길 77,(지번) 충효동 270-3,062-266-8008,http://www.pcdy.co.kr/
단아한도예공방 도,5.0,4건,리뷰 0,충북 청주시 서원구 사직대로175번길 6,(지번) 사창동 253-18,연락처 없음,
풍경도예공,0.0,0건,리뷰 0,충북 청주시 흥덕구 오송읍 쌍청2길 8,(지번) 오송읍 쌍청리 108-41,043-235-9563,http://blog.naver.com/doandcheck1
여유도예공방 도,0.0,0건,리뷰 0,전남 여수시 만성리길 53,(지번) 만흥동 47-6,061-651-6669,http://blog.naver.com/yeouceramic
까페도로시&도예공,5.0,2건,리뷰 0,부산 기장군 정관읍 방곡5로 20,(지번) 정관읍 방곡리 421-1,061-651-6669,
TOYO도예공방 도,0.0,0건,리뷰 0,경기 성남시 분당구 서현로439번길 17 지하1층,(지번) 분당동 104-8,031-705-7917,
달그릇도예공방 도,0.0,0건,리뷰 1,전북 익산시 선화로39길 27,(지번) 남중동 76-21,연락처 없음,
흙토람 이천도예공방 도,4.0,1건,리뷰 0,경기 이천시 대월면 대평로178번길 49-14,(지번) 대월면 초지리 432-4,연락처 없음,
예그리나도예공방 도,0.0,0건,리뷰 0,서울 강동구 동남로81길 54,(지번) 고덕동 643-3,연락처 없음,
노랑그릇도예공방 도,1.0,1건,리뷰 0,서울 양천구 목동서로 77 현대월드타워 1408호,(지번) 목동 907,02-2644-1152,http://blog.naver.com/yellowbowlceramic
이동구도예공방 도,0.0,0건,리뷰 0,경기 파주시 탄현면 국원말길 130,(지번) 탄현면 법흥리 239-30,010-3363-8750,
하랑도예공방 도,0.0,0건,리뷰 0,서울 도봉구 마들로 597,(지번) 방학동 713-30,02-978-6295,
궁뜰도예공방 도,0.0,0건,리뷰 0,전북 익산시 용동면 농소길 10-15,(지번) 용동면 구산리 107-1,063-861-9052,
도,0.0,0건,리뷰 0,경기 의정부시 범골로 37,(지번) 호원동 377-12,070-7637-3013,
도예공방수작 도,0.0,0건,리뷰 0,전북 부안군 상서면 청림리,,연락처 없음,
예랑도예공방 도,1.0,2건,리뷰 0,서울 송파구 백제고분로 414 3층,(지번) 송파동 134-3,02-421-4224,http://cafe.naver.com/yerangdoye
민정도예공방 도,0.0,0건,리뷰 0,경북 경주시 금성로 248 2층,(지번) 노서동 120-2,연락처 없음,
써니도예공방 ,0.0,0건,리뷰 0,충북 옥천군 옥천읍 성신로 17,(지번) 옥천읍 마암리 36,연락처 없음,
흙이야기도예공방 건축,0.0,0건,리뷰 0,광주 북구 중문로83번길 7,(지번) 우산동 606-1,062-265-8619,
흙도울도예공방 도,0.0,0건,리뷰 0,경기 안산시 상록구 능앞길 69,(지번) 팔곡일동 341-8,연락처 없음,
도도 도,0.0,0건,리뷰 0,서울 서초구 효령로14길 18,(지번) 방배동 541-183,02-532-0958,
도예공방단지,0.0,0건,리뷰 0,경기 안성시 보개면 남사당로 198,(지번) 보개면 복평리 303-3,031-676-6543,
Salt란도예공방 ,0.0,0건,리뷰 0,서울 송파구 송이로36길 62-18,(지번) 문정동 88-15,연락처 없음,
아토도예공방 도,0.0,0건,리뷰 0,경기 화성시 매송면 매송로36번길 20 1층,(지번) 매송면 어천리 345-3,연락처 없음,http://blog.naver.com/atoceramic
다락도예공방 도,0.0,0건,리뷰 0,광주 동구 필문대로205번길 46-1 1층,(지번) 지산동 705-11,연락처 없음,
도예공방 도,0.0,0건,리뷰 0,서울 송파구 동남로18길 43,(지번) 가락동 189-21,연락처 없음,
누리도예공방 도,0.0,0건,리뷰 0,경기 성남시 분당구 불정로71번길 4-4,(지번) 정자동 140-7,연락처 없음,
휴도예유리공방 도,0.0,0건,리뷰 0,서울 송파구 송파대로37길 90 4층,(지번) 석촌동 241,연락처 없음,https://m.blog.naver.com/PostList.nhn?blogId=craftstudio_hue
아기자기도예공방 도,0.0,0건,리뷰 0,서울 구로구 고척로51길 4-1,(지번) 고척동 168-56,연락처 없음,
수다도예공방카,0.0,0건,리뷰 1,충남 공주시 먹자1길 4,(지번) 중동 147-135,연락처 없음,https://www.instagram.com/suda_art._/
시나위도예공방 도,0.0,0건,리뷰 0,전남 담양군 가사문학면 무동길 73,(지번) 가사문학면 인암리 209-2,061-383-3747,
태연도예공,0.0,0건,리뷰 0,세종특별자치시 남세종로 466,(지번) 보람동 700-76,044-863-5407,
도예공방 락 도,0.0,0건,리뷰 0,경기 고양시 일산동구 강송로87번길 22 지하 1층,(지번) 백석동 1256-6,연락처 없음,
윤두리도예공방 ,0.0,0건,리뷰 1,충북 충주시 엄정면 도자기길 16,(지번) 엄정면 신만리 211-34,043-855-6267,
소담도,0.0,0건,리뷰 0,광주 광산구 남동길 11-19,(지번) 도산동 1114,062-942-4448,
도예공방화수목토 주방가구,0.0,0건,리뷰 0,광주 북구 설죽로471번길 38-12,(지번) 삼각동 769-13,연락처 없음,
노소도예공방 도,0.0,0건,리뷰 0,경기 수원시 영통구 동탄원천로1109번길 102,(지번) 매탄동 1203-7,031-213-1302,
의향도예공방화원 ,0.0,0건,리뷰 0,경기 고양시 일산동구 식사동 1069-5,(지번) 매탄동 1203-7,연락처 없음,
,"D 도예공방 도자기,도예촌",0.0,0건,리뷰 0,(지번) 매탄동 1203-7,연락처 없음,
도예공방토몽 도,0.0,0건,리뷰 0,서울 은평구 연서로11길 20-1,(지번) 구산동 18-24,연락처 없음,
들꽃누리 야생화&도예공방 ,0.0,0건,리뷰 0,경기 포천시 소흘읍 죽엽산로 606,(지번) 소흘읍 직동리 284-1,031-541-5050,http://cafe.daum.net/wfw21
누보도예공방 도,0.0,0건,리뷰 0,경기 이천시 모가면 사실로1026번길 74-49,(지번) 모가면 신갈리 405,031-633-7903,
새얼도예공방 도,0.0,0건,리뷰 0,경남 김해시 진례면 진례로 277,(지번) 진례면 송정리 336-6,055-345-9324,
11월도예공방 도,0.0,0건,리뷰 1,전남 순천시 호남길 95,(지번) 저전동 137-5,061-744-5546,https://www.instagram.com/1999_november
가마터도예공,0.0,0건,리뷰 0,경북 경주시 현곡면 가막골길 96,(지번) 현곡면 상구리 928-1,054-746-6466,
흙마당 도예공방,0.0,0건,리뷰 0,경기 수원시 장안구 수성로275번길 133,(지번) 정자동 29-1,연락처 없음,
저지도예공방,5.0,1건,리뷰 0,제주특별자치도 제주시 한경면 저지4길 33,(지번) 한경면 저지리 1593,연락처 없음,
정우영도예공방 도,0.0,0건,리뷰 0,부산 해운대구 중동 1621-5,,연락처 없음,
수답연리도예공방,0.0,0건,리뷰 0,경기 안성시 비룡로 26 쌍용아파트상가 202호,(지번) 당왕동 536,연락처 없음,http://blog.naver.com/csw6584
수수도예공방,0.0,0건,리뷰 0,경기 성남시 분당구 불정로87번길 10,(지번) 정자동 132-4,연락처 없음,
박묘진도예공방 도,0.0,0건,리뷰 0,부산 동래구 아시아드대로 249,(지번) 온천동 1276-1,연락처 없음,
덕담도예공방 도,0.0,0건,리뷰 0,경기 안성시 보개면 너리굴길 100,(지번) 보개면 신장리 63-1,031-675-0347,http://www.dukdam.com/
월출산도예공방 도,0.0,0건,리뷰 1,전남 영암군 군서면 모정1길 80-20,(지번) 군서면 모정리 481-4,061-471-4556,
호원도예공방 도,0.0,0건,리뷰 0,서울 도봉구 방학로3길 102,(지번) 쌍문동 36-5,연락처 없음,
정씨네도예공방 도,0.0,0건,리뷰 0,경남 김해시 평전로 99,(지번) 내동 186-17,연락처 없음,
싸리도예공,0.0,0건,리뷰 0,경기 여주시 대신면 현남길 176,(지번) 대신면 천남리 590-4,031-882-1940,
영진기념품하늘도예공방,0.0,0건,리뷰 0,경북 경주시 불국신택지6길 25,(지번) 진현동 651-6,010-5320-8883,
현대도,0.0,0건,리뷰 0,경기 의정부시 녹양로62번길 5,(지번) 녹양동 354-3,연락처 없음,
도예공방흙사랑 도,0.0,0건,리뷰 0,서울 노원구 노원로 540,(지번) 상계동 670-2,연락처 없음,
도하림도예공방 도,0.0,0건,리뷰 0,경기 평택시 진위면 동천길 186,(지번) 진위면 동천리 233-1,연락처 없음,
도예공방 아인,0.0,0건,리뷰 0,경기 부천시 석천로184번길 16,(지번) 중동 1158-2,연락처 없음,
라미도예공방 도,0.0,0건,리뷰 0,서울 송파구 마천로25길 6,(지번) 오금동 115-17,연락처 없음,
토토도예공방,0.0,0건,리뷰 0,경기 수원시 영통구 매영로310번길 87,(지번) 영통동 968,031-429-6984,
이천시노인종합복지관(흙토람이,0.0,0건,리뷰 0,경기 이천시 대월면 대평로178번길 49-14,(지번) 대월면 초지리 432-4,031-636-0190,
도예공방다움,0.0,0건,리뷰 0,경기 고양시 일산동구 산두로 134,(지번) 정발산동 1273-7,031-902-3589,
도예공방빔,0.0,0건,리뷰 0,강원 강릉시 강릉대로194번길 12,(지번) 임당동 12-14,033-641-5301,
도예공방-담,0.0,0건,리뷰 0,경기 이천시 신둔면 석동로 96,(지번) 신둔면 지석리 242,031-322-9753,
흙지기도예공방 도,0.0,0건,리뷰 0,경기 수원시 팔달구 신풍로 47,(지번) 신풍동 32-1,연락처 없음,
가원도예공방,0.0,0건,리뷰 0,경기 광주시 도척면 시어골길50번길 25-6,(지번) 도척면 상림리 126-36,031-764-8054,
여주시 노인복지관(흙토랑 여,0.0,0건,리뷰 0,경기 여주시 청심로 17-34,(지번) 하동 429-8,070-4488-1130,
송전도예공방,0.0,0건,리뷰 0,경기 여주시 오학길 16,(지번) 오학동 134-6,031-886-2288,
송민경도예공방휴,0.0,0건,리뷰 0,경기 동두천시 천보산로 381-22,(지번) 탑동동 514-7,070-4117-4526,
서해도예공방 도,0.0,0건,리뷰 0,전남 무안군 현경면 현해로 502-22,(지번) 현경면 용정리 509,061-453-5518,
휴도예공방 ,0.0,0건,리뷰 0,제주특별자치도 서귀포시 대정읍 영어도시로 70,(지번) 대정읍 구억리 1018-3,연락처 없음,
옥토도예,0.0,0건,리뷰 0,경기 고양시 일산동구 호수로 256-75,(지번) 백석동 331-1,연락처 없음,
흙내음도,0.0,0건,리뷰 0,경기 광명시 목감로 120,(지번) 광명동 164-2,02-2616-3813,
다인도,0.0,0건,리뷰 0,경기 연천군 신서면 도신로28번길 177,(지번) 신서면 도신리 308,070-8837-2965,
연꽃도예공방,0.0,0건,리뷰 0,경기 평택시 평남로 690-1,(지번) 비전동 835-2,연락처 없음,
백소연도예공,0.0,0건,리뷰 0,경기 이천시 신둔면 황무로617번길 114-14,(지번) 신둔면 남정리 95-1,연락처 없음,
마실도예공방,0.0,0건,리뷰 0,경기 수원시 장안구 만석로177번길 42,(지번) 파장동 501-79,연락처 없음,
지성미도예공,0.0,0건,리뷰 0,경기 파주시 아동로 22,(지번) 금촌동 51-49,031-941-0834,
도예공방비도,0.0,0건,리뷰 0,경기 수원시 영통구 영일로21번길 8-2,(지번) 영통동 1005-11,031-202-5047,
몽파갤러리 도예공방,0.0,0건,리뷰 0,경기 광주시 곤지암읍 연곡길42번길 32-3,(지번) 곤지암읍 연곡리 116,031-761-8014,
이인도예공,0.0,0건,리뷰 0,경기 광주시 퇴촌면 광동로 72,(지번) 퇴촌면 광동리 142,031-768-2470,
김미선도예공방,0.0,0건,리뷰 0,경기 이천시 신둔면 황무로617번길 224-1,(지번) 신둔면 남정리 152-8,070-4223-5327,
도토리도예공,0.0,0건,리뷰 0,경기 이천시 신둔면 석동로 96,(지번) 신둔면 지석리 242,연락처 없음,
다도락도예공,0.0,0건,리뷰 0,경기 고양시 일산동구 위시티2로11번길 14-9,(지번) 식사동 1537-4,연락처 없음,
도예공방담,0.0,0건,리뷰 0,경기 이천시 신둔면 황무로617번길 136-93,(지번) 신둔면 남정리 120-19,031-634-6074,
흙토야도예공,0.0,0건,리뷰 0,제주특별자치도 제주시 어영길 45-6,(지번) 용담삼동 1129-2,연락처 없음,
다감공방도예,0.0,0건,리뷰 0,울산 울주군 범서읍 평천길 83,(지번) 범서읍 천상리 604-8,연락처 없음,
도자기공방 노원,5.0,1건,리뷰 2,대구 북구 침산남로 9-3,(지번) 노원동1가 217,연락처 없음,https://blog.naver.com/noonecera
포트링공방,0.0,0건,리뷰 63,서울 마포구 월드컵북로6길 57-6,(지번) 연남동 568-28,연락처 없음,https://www.instagram.com/pottring
라움공방,0.0,0건,리뷰 25,경북 경주시 포석로1068번길 11,(지번) 황남동 241-9,연락처 없음,
대구도예재료상사,0.0,0건,리뷰 0,대구 서구 와룡로70길 72,(지번) 중리동 1137-3,053-555-6552,
지혜진아트도자기공방,5.0,1건,리뷰 0,경기 수원시 영통구 매봉로49번길 5 3층,(지번) 매탄동 1195-1,053-555-6552,https://www.instagram.com/cheehyejin_ceramic_studio
도아도,2.0,1건,리뷰 19,대전 서구 둔산로206번길 34,(지번) 둔산동 1903,053-555-6552,https://doahstudio.modoo.at/
하늘닮은도자기공방 마산본점,0.0,0건,리뷰 34,경남 창원시 마산회원구 3.15대로 560,(지번) 회원1동 165-5,010-2979-3507,http://www.xn--ob0bx0i77izi0a.kr/
학산도예,5.0,1건,리뷰 0,경북 칠곡군 가산면 호국로 1356,(지번) 가산면 학산리 324-3,054-973-8223,
도자기공방 모색,0.0,0건,리뷰 7,부산 금정구 중앙대로1660번길 6,(지번) 부곡동 255-2,054-973-8223,https://www.instagram.com/ms_ceramics/
다연도예,0.0,0건,리뷰 0,대구 달성군 화원읍 성암로2길 26,(지번) 화원읍 본리리 125-6,053-639-2713,
도예수공원학원 북구점,0.0,0건,리뷰 0,부산 북구 의성로 111 2층,(지번) 덕천동 412-1,010-9283-3440,https://cafe.naver.com/suwanpot
도혜공방,0.0,0건,리뷰 24,경남 창원시 성산구 마디미로4번길 9 우진상가 3층,(지번) 상남동 5-2,055-607-3143,http://blog.naver.com/dohye_c
길상도예,0.0,0건,리뷰 5,서울 서초구 강남대로39길 15-9 1층,(지번) 서초동 1362-9,055-607-3143,http://cafe.naver.com/gilsangdoye
상상공방,5.0,1건,리뷰 20,서울 송파구 가락로11길 17 지하1층,(지번) 석촌동 261-8,010-2559-8150,https://www.instagram.com/sangsang_ceramicstudio
크레아토도자기공방,0.0,0건,리뷰 1,서울 서초구 방배로16길 11-11 지하,(지번) 방배동 905-10,070-8623-2409,http://blog.naver.com/designstudiok
Ran's 도예창작스튜디오,0.0,0건,리뷰 0,대구 달서구 월곡로 106 1층,(지번) 상인동 1587-5,053-635-0282,
그아저씨공방,5.0,1건,리뷰 22,서울 성동구 무학봉15길 27,(지번) 하왕십리동 946-5,070-4184-3461,
서랑도예,5.0,1건,리뷰 2,부산 기장군 기장읍 소정길 11,(지번) 기장읍 내리 204-1,051-722-8870,http://srang.co.kr/
자산도예,5.0,2건,리뷰 6,전북 전주시 완산구 황강서원2길 27,(지번) 효자동3가 1600-9,010-6438-6286,http://blog.naver.com/buran77
올리공방,5.0,1건,리뷰 4,광주 서구 죽봉대로94번길 30,(지번) 광천동 17-2,연락처 없음,
현정도예,0.0,0건,리뷰 0,대구 달서구 월배로 124-9,(지번) 진천동 238-5,연락처 없음,http://cafe.daum.net/hyunjung-doye
팔봉도예,5.0,1건,리뷰 1,전북 김제시 죽산면 화초로 2,(지번) 죽산면 홍산리 663-17,연락처 없음,
예성도예,0.0,0건,리뷰 0,경북 칠곡군 동명면 경북대로 231,(지번) 동명면 금암리 226-11,054-976-9071,
타다도자기공방,0.0,0건,리뷰 1,서울 마포구 동교로50길 11 3층,(지번) 연남동 224-6,연락처 없음,https://www.instagram.com/tada_ceramic/
연천도예,0.0,0건,리뷰 0,대구 남구 자유1길 8-1,(지번) 대명9동 339-17,053-652-6362,
리노바 도자공방,0.0,0건,리뷰 17,제주특별자치도 제주시 연삼로 351 지하 1층,(지번) 도남동 81-16,연락처 없음,https://blog.naver.com/dinovoa
예현도예스튜디오,0.0,0건,리뷰 0,대구 남구 장전5길 42-7,(지번) 대명동 1663-12,연락처 없음,
양경도예,0.0,0건,리뷰 0,대구 달서구 장기로 58-1,(지번) 성당동 750-1,연락처 없음,
도자공방가원,5.0,1건,리뷰 1,부산 해운대구 달맞이길117번가길 30,(지번) 중동 1507-5,0505-1375-5015,https://blog.naver.com/gawoncera
소소도자기공방,0.0,0건,리뷰 2,경북 포항시 남구 연일읍 유강길 22 청구타운 2층,(지번) 연일읍 유강리 594,010-5684-0755,https://blog.naver.com/najar2
허들링도자기공방,0.0,0건,리뷰 2,인천 부평구 길주로585번길 8-2,(지번) 갈산동 395,연락처 없음,https://www.instagram.com/popomang/
세인도예연구소,0.0,0건,리뷰 2,경북 경주시 하동공예촌길 29,(지번) 하동 201,054-746-0181,
맘씨도예,0.0,0건,리뷰 0,충남 천안시 서북구 불당10길 20-1 1층,(지번) 불당동 1151,연락처 없음,http://blog.naver.com/momom3
도예작업실크래프트프랙티스,5.0,1건,리뷰 4,서울 성동구 성수이로12길 6,(지번) 성수동2가 328-18,연락처 없음,
희락공방,0.0,0건,리뷰 12,서울 성동구 성덕정길 44 2층,(지번) 성수동1가 225-2,02-462-7913,http://heerak.modoo.at/
토요공방,0.0,0건,리뷰 4,충북 청주시 청원구 내수읍 묵방국동로 137-5,(지번) 내수읍 묵방리 253,연락처 없음,http://blog.naver.com/jeehyuk82
꽃길도자기공방,0.0,0건,리뷰 2,전남 순천시 해룡면 매안3길 11 두리안빌딩 1층,(지번) 해룡면 신대리 2029-3,010-8289-9809,https://www.instagram.com/flowerwaypot/
밤골도예,5.0,1건,리뷰 9,강원 원주시 소초면 대왕고개길 44-9,(지번) 소초면 흥양리 406-72,연락처 없음,
아이도예,0.0,0건,리뷰 0,대구 수성구 청수로25길 120,(지번) 황금동 875-9,연락처 없음,https://blog.naver.com/matilda_r
언양도예,0.0,0건,리뷰 0,울산 울주군 상북면 석남로 451,(지번) 상북면 덕현리 산 210-1,052-254-0052,
도란도자기공방,0.0,0건,리뷰 3,경기 고양시 덕양구 권율대로 902,(지번) 신원동 628-1,연락처 없음,
수담도예,0.0,0건,리뷰 0,경북 칠곡군 동명면 구덕리 355,(지번) 신원동 628-1,연락처 없음,
참도예학원,0.0,0건,리뷰 0,인천 남동구 인하로507번길 97 2층,(지번) 구월동 1449-3,032-229-7500,
아토도예,0.0,0건,리뷰 4,대전 유성구 원신흥남로42번길 5-5,(지번) 원신흥동 541-11,042-825-3898,
온도공방,5.0,1건,리뷰 2,충북 증평군 증평읍 역전로 7,(지번) 증평읍 창동리 167,043-838-1161,http://www.ondo.or.kr/
효성도예,0.0,0건,리뷰 0,대구 남구 고산2길 63-12,(지번) 봉덕동 1170-101,연락처 없음,
봉강도예,0.0,0건,리뷰 1,전북 완주군 소양면 위봉길 75-14,(지번) 소양면 대흥리 28-2,연락처 없음,
안나도예공감,0.0,0건,리뷰 15,서울 광진구 자양로18길 56 3층,(지번) 구의동 243-6,연락처 없음,https://www.instagram.com/anna_pottery/
은성도예전,0.0,0건,리뷰 0,경기 여주시 여양로 303,(지번) 오학동 297-3,031-885-0303,
도예랑,0.0,0건,리뷰 0,대전 서구 안터길 7-8,(지번) 산직동 456-3,010-5433-0470,http://www.instagram.com/do_ssam
비밤도자기공방,0.0,0건,리뷰 2,서울 마포구 동교로 212-16 2층,(지번) 동교동 153-14,연락처 없음,https://www.instagram.com/studio_beebalm/
세일도예,0.0,0건,리뷰 0,울산 울주군 상북면 웃궁평길 38-15,(지번) 상북면 산전리 759-2,052-254-2456,
소운도자기공방,0.0,0건,리뷰 2,충북 청주시 흥덕구 3순환로773번길 39,(지번) 석곡동 86,연락처 없음,https://blog.naver.com/cucudi01
이조도예,0.0,0건,리뷰 0,대구 동구 팔공로 477,(지번) 지묘동 228-3,053-983-8898,
이랑도예,0.0,0건,리뷰 2,경북 상주시 상산로 82-3,(지번) 신봉동 314-8,연락처 없음,http://blog.naver.com/erang9172
토광도예,0.0,0건,리뷰 0,경남 김해시 진례면 고모로324번길 103-94,(지번) 진례면 담안리 1203,051-717-2683,
윤슬도자기공방,3.7,3건,리뷰 7,경기 수원시 장안구 장안로30번길 19 1층,(지번) 영화동 419-13,010-4532-7142,https://www.instagram.com/yunseul_ceramic/
헵시바도예마을,5.0,1건,리뷰 0,충남 아산시 배방읍 수철리 산 492-5,(지번) 영화동 419-13,연락처 없음,
빚다도예공방 강동점,5.0,2건,리뷰 4,서울 강동구 양재대로124길 91,(지번) 길동 78,070-8690-0361,http://www.bitda.net/
미리별도자기공방,0.0,0건,리뷰 1,경남 창원시 진해구 석동로59번길 8-3,(지번) 석동 646-4,연락처 없음,https://www.instagram.com/leej_hwa/
고은도예,0.0,0건,리뷰 1,대전 중구 계룡로874번길 45 2층,(지번) 오류동 158-2,연락처 없음,https://blog.naver.com/choike99
마지삐에로도자기공방,0.0,0건,리뷰 5,경기 화성시 동탄반석로 172 동양파라곤 216호,(지번) 반송동 93-3,031-613-7949,http://magicpainting.smphone.kr/
착한도공 보담도예,0.0,0건,리뷰 0,울산 울주군 온양읍 연안8길 23-3,(지번) 온양읍 대안리 407-9,052-238-0103,http://blog.naver.com/potter_n_n
도자기공방DAS,0.0,0건,리뷰 3,부산 동래구 금강로61번길 78,(지번) 온천동 319,연락처 없음,
가람도예,5.0,1건,리뷰 1,경남 김해시 진례면 진례로 122,(지번) 진례면 초전리 782-3,연락처 없음,https://blog.naver.com/dmswjd1177/
빚다도예공방성북점,0.0,0건,리뷰 4,서울 성북구 도봉로3길 9-3,(지번) 길음동 489-40,070-4696-9854,
꼭두도예 장미경,5.0,1건,리뷰 4,서울 성북구 성북로7길 44,(지번) 성북동1가 104-44,02-743-2087,
나비온공방,0.0,0건,리뷰 3,부산 강서구 명지국제2로28번길 23 네오웨스턴스퀘어 2동 315호,(지번) 명지동 3432-1,02-743-2087,
토모도자기공방,0.0,0건,리뷰 1,충북 청주시 흥덕구 가경로149번길 24-6,(지번) 가경동 1263,043-221-0414,http://blog.naver.com/sysnjs
백암도예,0.0,0건,리뷰 0,경기 용인시 처인구 원삼면 사암리 34-30,(지번) 가경동 1263,연락처 없음,
도자기공방 아바노스,0.0,0건,리뷰 2,인천 서구 열우물로282번길 20-5,(지번) 가좌동 331-24,연락처 없음,http://blog.naver.com/712dolleye
이복규도예연구,0.0,0건,리뷰 0,경북 청도군 각북면 오산3길 39-7,(지번) 각북면 금천리 369,054-371-6886,http://blog.daum.net/_blog/BlogTypeMain.do?blogid=0n5H0
백록도예연구소,0.0,0건,리뷰 0,경기 구리시 벌말로80번길 132,(지번) 토평동 457-6,031-551-1950,http://www.xn--2e0b83j45d8xe78hw4g1e.com/
효애랑도자기공방,0.0,0건,리뷰 5,경기 성남시 분당구 황새울로116번길 6,(지번) 정자동 80-3,연락처 없음,
유소도예,0.0,0건,리뷰 1,경기 김포시 김포한강1로 250 113~115호,(지번) 운양동 1307-3,연락처 없음,http://www.instagram.com/youso_ceramic
도르르도자공방,0.0,0건,리뷰 3,경기 수원시 팔달구 덕영대로735번길 66-2 1층,(지번) 화서동 246-2,031-246-4284,http://mimiplace.blog.me/
도리천한산도,0.0,0건,리뷰 0,울산 울주군 두동면 구미월평로 776,(지번) 두동면 봉계리 927,010-3290-6875,
거산도예,5.0,3건,리뷰 0,경기 이천시 신둔면 도자예술로5번길 89,(지번) 신둔면 고척리 599-3,010-3290-6875,https://m.blog.naver.com/PostList.nhn?blogId=csjcsj4210
우주도예,0.0,0건,리뷰 0,경북 영주시 대학로201번길 8-12,(지번) 가흥동 1804-3,010-7937-8750,
낙중도예갤러리,0.0,0건,리뷰 0,경북 경산시 경안로 5,(지번) 백천동 63-8,연락처 없음,
예인도예전시장,0.0,0건,리뷰 0,경기 여주시 북내면 강문로 142,(지번) 북내면 가정리 501-6,031-885-3580,
남촌도예,0.0,0건,리뷰 0,경기 평택시 참이슬길 20,(지번) 합정동 876-10,010-2563-0314,http://cafe.daum.net/ncdo
현진도예교육센,0.0,0건,리뷰 2,대전 서구 탄방로7번길 114 지하,(지번) 탄방동 1103,042-472-3548,http://www.edudoye.com/
한국도예,0.0,0건,리뷰 0,대구 달성군 논공읍 비슬로 1600,(지번) 논공읍 삼리리 524-1,연락처 없음,
소산도예,0.0,0건,리뷰 0,경북 경산시 와촌면 지경길 38-24,(지번) 와촌면 음양리 903,연락처 없음,http://www.kingstone.co.kr/
바람담은도자기공,0.0,0건,리뷰 1,제주특별자치도 제주시 애월읍 중산간서로 6703-11 제일빌리지 D동 1층 105호,(지번) 애월읍 광령리 1495-1,010-2775-3116,https://www.instagram.com/badam_pottery/
도담도예,0.0,0건,리뷰 0,대전 서구 한밭대로608번길 1,(지번) 월평동 617,042-482-8074,
샘터공방,0.0,0건,리뷰 2,서울 서대문구 응암로 77,(지번) 북가좌동 308-1,연락처 없음,https://blog.naver.com/eplle
잔잔도자기공방,0.0,0건,리뷰 2,서울 성동구 연무장길 43-1 지하,(지번) 성수동2가 316-74,연락처 없음,https://blog.naver.com/holaqq
미미공방,0.0,0건,리뷰 1,대전 서구 만년남로11번길 30,(지번) 만년동 220,연락처 없음,
선공방,0.0,0건,리뷰 0,경기 안양시 만안구 만안로 35 1층,(지번) 안양동 533-6,연락처 없음,https://instagram.com/seongongbang
경은도예,5.0,1건,리뷰 5,경기 수원시 권선구 여기산로 18 1층,(지번) 서둔동 260-18,010-6220-7048,https://blog.naver.com/qw4430
용문도예,0.0,0건,리뷰 0,전남 여수시 소라면 관기리 665,(지번) 서둔동 260-18,연락처 없음,
벽전도예,0.0,0건,리뷰 0,인천 강화군 길상면 강화동로74번길 50-89,(지번) 길상면 길직리 1275-21,연락처 없음,
다담도예,0.0,0건,리뷰 0,부산 사상구 동주로 27 제이빌 1층,(지번) 주례동 549-1,070-8285-0127,http://blog.naver.com/ckdhktlrtk0516
토리도예,0.0,0건,리뷰 1,서울 서초구 효령로14길 18,(지번) 방배동 541-183,연락처 없음,
황승욱진곡도,0.0,0건,리뷰 0,경북 청도군 금천면 소천신당길 42-17,(지번) 금천면 소천리 1556,연락처 없음,
여일도예,0.0,0건,리뷰 0,충남 공주시 반포면 도예촌길 71-6,(지번) 반포면 상신리 569,041-854-8812,
은석도예,0.0,0건,리뷰 0,충남 당진시 신평면 동부길 290,(지번) 신평면 초대리 362-5,041-363-1300,
늘솜도예,0.0,0건,리뷰 0,경남 김해시 진영읍 서부로378번길 50,(지번) 진영읍 의전리 305-10,055-346-0257,
꿈의공방,0.0,0건,리뷰 3,경기 안산시 단원구 광덕대로 130 폴리타운 1층 123호,(지번) 고잔동 775,031-486-0703,
이상원미술관 도자공방,0.0,0건,리뷰 2,강원 춘천시 사북면 화악지암길 99,(지번) 사북면 지암리 590,연락처 없음,
라온도,0.0,0건,리뷰 0,충남 당진시 고대면 안개물길 128,(지번) 고대면 대촌리 736,연락처 없음,
모랑공방,0.0,0건,리뷰 2,경기 성남시 분당구 백현로156번길 7-10 1층 102호,(지번) 정자동 49-5,연락처 없음,
도야도자기공방,0.0,0건,리뷰 0,경기 이천시 마장면 서이천로527번길 144-25,(지번) 마장면 장암리 206-3,연락처 없음,
도예공방수,0.0,0건,리뷰 0,경북 경주시 현곡면 안현로 483-24,(지번) 현곡면 라원리 406,054-748-8855,
백리,0.0,0건,리뷰 0,경기 평택시 현덕면 황산1길 63-3,(지번) 현덕면 황산리 66-1,031-683-8061,
은경도예,0.0,0건,리뷰 0,경남 창원시 의창구 대원로37번길 9-1,(지번) 대원동 103-1,055-273-2733,
연세라미끄 도자기공방,5.0,1건,리뷰 5,경기 광주시 곤지암읍 신대길34번길 10-32,(지번) 곤지암읍 신대리 11,010-8928-2330,https://blog.naver.com/yeon_8928
한을도예,0.0,0건,리뷰 0,경기 의정부시 신촌로29번길 20-22 1층,(지번) 가능동 618-11,010-8928-2330,
심우도예명상,0.0,0건,리뷰 0,경기 이천시 신둔면 도자예술로 42,(지번) 신둔면 고척리 595-9,032-504-2202,
모동도예,0.0,0건,리뷰 1,경북 경주시 윗동천1길 23-9,(지번) 동천동 130-18,연락처 없음,
송강생활도예,0.0,0건,리뷰 0,대전 유성구 와룡로 29,(지번) 송강동 208-2,042-935-2345,
정추도예,0.0,0건,리뷰 0,부산 중구 대청로 60,(지번) 부평동2가 2,051-248-5599,
예담도예,0.0,0건,리뷰 0,부산 수영구 수영성로13번길 4,(지번) 수영동 83,051-756-2202,
수주도예연구소,0.0,0건,리뷰 0,경기 부천시 수주로 62,(지번) 고강동 316,032-671-1784,
토토도예학원,0.0,0건,리뷰 0,서울 노원구 상계로12길 52 2층,(지번) 상계동 179-2,02-934-6002,
도예작업실,0.0,0건,리뷰 0,광주 북구 금호로40번길 5,(지번) 운암동 110-72,연락처 없음,
용지,0.0,0건,리뷰 0,경남 창원시 진해구 가주로 158,(지번) 가주동 413,055-552-2398,
디아트도예,0.0,0건,리뷰 0,부산 기장군 정관읍 구연방곡로 42-1,(지번) 정관읍 방곡리 422-7,051-622-8803,http://blog.naver.com/alstjzon
ARA도예,0.0,0건,리뷰 0,제주특별자치도 제주시 덕지4길 27-2,(지번) 이호이동 1531,064-900-9595,
운하도예,0.0,0건,리뷰 0,경남 양산시 하북면 백록중리1길 22,(지번) 하북면 백록리 342,055-381-6809,http://cafe.daum.net/lhy3015
다진도예,0.0,0건,리뷰 0,서울 강서구 강서로45길 73,(지번) 내발산동 714-5,02-2661-6866,
홍가도,0.0,0건,리뷰 0,광주 광산구 월계로34번길 21-8,(지번) 월계동 780-11,연락처 없음,
우담도예,0.0,0건,리뷰 0,경남 김해시 진례면 진례로233번길 29-2,(지번) 진례면 송정리 421,연락처 없음,
릴리공방,0.0,0건,리뷰 4,충남 천안시 동남구 신부3길 16-1,(지번) 신부동 486-7,연락처 없음,http://blog.naver.com/handmadelily
이송도예,0.0,0건,리뷰 0,울산 남구 수암로115번길 12-6,(지번) 신정동 852-103,010-3590-7320,
소석도예,0.0,0건,리뷰 0,경기 광주시 초월읍 지월리 658,(지번) 신정동 852-103,연락처 없음,
,"D 한국도예 미술,공예",0.0,0건,리뷰 0,(지번) 신정동 852-103,연락처 없음,
슈룹도예,0.0,0건,리뷰 1,충북 청주시 흥덕구 사운로249번길 13-10 1층 103호,(지번) 운천동 704,연락처 없음,http://cafe.daum.net/syurup
여주도예,0.0,0건,리뷰 0,인천 남동구 장승남로 77,(지번) 만수동 1105-13,032-465-4419,
흙향도예,0.0,0건,리뷰 0,경북 영주시 문수면 승평로55번길 24-9,(지번) 문수면 월호리 581,054-637-9293,
윤광도예,0.0,0건,리뷰 0,부산 기장군 일광면 일광로 154,(지번) 일광면 이천리 441-6,연락처 없음,
소백 수재도예연,0.0,0건,리뷰 0,경북 영주시 중앙로 91-11,(지번) 영주1동 382-26,연락처 없음,
금오도예연구소,0.0,0건,리뷰 0,경북 구미시 옥성면 구봉1길 120,(지번) 옥성면 구봉리 541,010-6529-2307,
도예작업실'풍경',0.0,0건,리뷰 0,충남 보령시 성주면 성주리 39,(지번) 옥성면 구봉리 541,041-933-1266,
하늘도예,0.0,0건,리뷰 0,충남 공주시 탄천면 학림길 11,(지번) 탄천면 송학리 83-3,041-853-5879,
옛도예방,0.0,0건,리뷰 0,전북 익산시 선화로31길 56,(지번) 남중동 284-5,010-8627-9259,
미완도,0.0,0건,리뷰 0,울산 북구 매곡로 131,(지번) 매곡동 795-51,연락처 없음,
목,0.0,0건,리뷰 0,경남 김해시 진영읍 서부로346번길 52-6,(지번) 진영읍 의전리 272-15,051-941-1884,
대원도예,0.0,0건,리뷰 0,경기 여주시 어영실로 103,(지번) 천송동 434-8,031-884-6023,
따땃공방,0.0,0건,리뷰 3,경기 안양시 만안구 박달로 512,(지번) 박달동 68-8,연락처 없음,
도예공간엘,0.0,0건,리뷰 1,경기 평택시 지산로 112 103호,(지번) 지산동 631-5,031-611-5025,https://ceramicsell.modoo.at/
용우도예방,0.0,0건,리뷰 0,경기 여주시 북내면 도예로 323,(지번) 북내면 신남리 184-5,031-886-0425,
나미공방,0.0,0건,리뷰 1,경기 안양시 동안구 동편로27번길 6-6,(지번) 관양동 1711-7,연락처 없음,
